Datetime,Water Level (m)
2025-03-18 06:00:00,0.24024159
2025-03-18 07:00:00,0.68822414
2025-03-18 08:00:00,0.9217764
2025-03-18 09:00:00,0.85983884
2025-03-18 10:00:00,0.5502677
2025-03-18 11:00:00,0.18815136
2025-03-18 12:00:00,-0.15492699
2025-03-18 13:00:00,-0.47542307
2025-03-18 14:00:00,-0.74627745
2025-03-18 15:00:00,-0.96693337
2025-03-18 16:00:00,-0.8448374
2025-03-18 17:00:00,-0.40685806
2025-03-18 18:00:00,0.071560934
2025-03-18 19:00:00,0.5051114
2025-03-18 20:00:00,0.7298018
2025-03-18 21:00:00,0.6435824
2025-03-18 22:00:00,0.33149263
2025-03-18 23:00:00,-0.009866568
2025-03-19 00:00:00,-0.34100893
2025-03-19 01:00:00,-0.6299364
2025-03-19 02:00:00,-0.889631
2025-03-19 03:00:00,-1.0949805
2025-03-19 04:00:00,-1.0518717
2025-03-19 05:00:00,-0.6705711
2025-03-19 06:00:00,-0.15865739
2025-03-19 07:00:00,0.36443987
2025-03-19 08:00:00,0.74284625
2025-03-19 09:00:00,0.8771255
2025-03-19 10:00:00,0.65184444
2025-03-19 11:00:00,0.3071804
2025-03-19 12:00:00,-0.042818405
2025-03-19 13:00:00,-0.36450243
2025-03-19 14:00:00,-0.6379652
2025-03-19 15:00:00,-0.8636796
2025-03-19 16:00:00,-0.9685554
2025-03-19 17:00:00,-0.68121165
2025-03-19 18:00:00,-0.2792814
2025-03-19 19:00:00,0.14417726
2025-03-19 20:00:00,0.4554785
2025-03-19 21:00:00,0.56060505
2025-03-19 22:00:00,0.3549989
2025-03-19 23:00:00,0.038274202
2025-03-20 00:00:00,-0.2807156
2025-03-20 01:00:00,-0.5633414
2025-03-20 02:00:00,-0.8187241
2025-03-20 03:00:00,-1.0363028
2025-03-20 04:00:00,-1.1400741
2025-03-20 05:00:00,-0.8883799
2025-03-20 06:00:00,-0.46347192
2025-03-20 07:00:00,0.003131649
2025-03-20 08:00:00,0.42710954
2025-03-20 09:00:00,0.67388546
2025-03-20 10:00:00,0.6606417
2025-03-20 11:00:00,0.39578834
2025-03-20 12:00:00,0.07440528
2025-03-20 13:00:00,-0.24076155
2025-03-20 14:00:00,-0.5168198
2025-03-20 15:00:00,-0.7407917
2025-03-20 16:00:00,-0.904875
2025-03-20 17:00:00,-0.82341903
2025-03-20 18:00:00,-0.52817273
2025-03-20 19:00:00,-0.18390608
2025-03-20 20:00:00,0.13502526
2025-03-20 21:00:00,0.3389471
2025-03-20 22:00:00,0.3318661
2025-03-20 23:00:00,0.09724682
2025-03-21 00:00:00,-0.18995531
2025-03-21 01:00:00,-0.4694969
2025-03-21 02:00:00,-0.7125035
2025-03-21 03:00:00,-0.9260868
2025-03-21 04:00:00,-1.0754989
2025-03-21 05:00:00,-1.0050659
2025-03-21 06:00:00,-0.69837105
2025-03-21 07:00:00,-0.30737093
2025-03-21 08:00:00,0.08052447
2025-03-21 09:00:00,0.41127163
2025-03-21 10:00:00,0.5968872
2025-03-21 11:00:00,0.5130195
2025-03-21 12:00:00,0.25325495
2025-03-21 13:00:00,-0.029361421
2025-03-21 14:00:00,-0.29395017
2025-03-21 15:00:00,-0.5196033
2025-03-21 16:00:00,-0.70790464
2025-03-21 17:00:00,-0.83984834
2025-03-21 18:00:00,-0.75891805
2025-03-21 19:00:00,-0.5055762
2025-03-21 20:00:00,-0.23981531
2025-03-21 21:00:00,-0.008552055
2025-03-21 22:00:00,0.113833934
2025-03-21 23:00:00,0.06126155
2025-03-22 00:00:00,-0.13707153
2025-03-22 01:00:00,-0.36918592
2025-03-22 02:00:00,-0.58718497
2025-03-22 03:00:00,-0.77616
2025-03-22 04:00:00,-0.91719323
2025-03-22 05:00:00,-0.9827588
2025-03-22 06:00:00,-0.86912984
2025-03-22 07:00:00,-0.6138938
2025-03-22 08:00:00,-0.3111112
2025-03-22 09:00:00,-0.02343395
2025-03-22 10:00:00,0.2227542
2025-03-22 11:00:00,0.361419
2025-03-22 12:00:00,0.2918599
2025-03-22 13:00:00,0.069402896
2025-03-22 14:00:00,-0.17598985
2025-03-22 15:00:00,-0.38907933
2025-03-22 16:00:00,-0.5611532
2025-03-22 17:00:00,-0.6951462
2025-03-22 18:00:00,-0.7749382
2025-03-22 19:00:00,-0.71775997
2025-03-22 20:00:00,-0.55483884
2025-03-22 21:00:00,-0.36912003
2025-03-22 22:00:00,-0.19526356
2025-03-22 23:00:00,-0.07400803
2025-03-23 00:00:00,-0.08576731
2025-03-23 01:00:00,-0.21722266
2025-03-23 02:00:00,-0.38980836
2025-03-23 03:00:00,-0.55898404
2025-03-23 04:00:00,-0.7000399
2025-03-23 05:00:00,-0.81246907
2025-03-23 06:00:00,-0.8597628
2025-03-23 07:00:00,-0.78186786
2025-03-23 08:00:00,-0.58931845
2025-03-23 09:00:00,-0.34700036
2025-03-23 10:00:00,-0.09370338
2025-03-23 11:00:00,0.14855823
2025-03-23 12:00:00,0.33676687
2025-03-23 13:00:00,0.3909167
2025-03-23 14:00:00,0.27406067
2025-03-23 15:00:00,0.078926295
2025-03-23 16:00:00,-0.13156424
2025-03-23 17:00:00,-0.33372554
2025-03-23 18:00:00,-0.52373606
2025-03-23 19:00:00,-0.6908531
2025-03-23 20:00:00,-0.81278116
2025-03-23 21:00:00,-0.822591
2025-03-23 22:00:00,-0.6873048
2025-03-23 23:00:00,-0.4973119
2025-03-24 00:00:00,-0.29250854
2025-03-24 01:00:00,-0.11774573
2025-03-24 02:00:00,-0.043418147
2025-03-24 03:00:00,-0.08022406
2025-03-24 04:00:00,-0.21216561
2025-03-24 05:00:00,-0.38917595
2025-03-24 06:00:00,-0.56968474
